Stock_ID,Date,Close,Prob_Up
2358,2024-03-28,6.380000114440918,0.7417075
8088,2026-01-16,66.5,0.7161123
6221,2026-01-16,31.299999237060547,0.7063897
6629,2026-01-16,120.0,0.7061936
1598,2026-01-16,21.0,0.69679666
1721,2026-01-16,20.600000381469727,0.69475156
2388,2026-01-16,52.099998474121094,0.69033504
5344,2026-01-16,14.649999618530273,0.6868926
4745,2026-01-16,22.350000381469727,0.6855794
4164,2026-01-16,35.400001525878906,0.68173856
4584,2026-01-16,46.650001525878906,0.6811986
6143,2026-01-16,110.0,0.67961305
1717,2026-01-16,67.30000305175781,0.67957133
4563,2026-01-16,54.5,0.67869514
2732,2026-01-16,69.0,0.6785897
6735,2026-01-16,58.20000076293945,0.67714083
6510,2026-01-16,2395.0,0.67599475
6182,2026-01-16,38.5,0.6753253
6624,2026-01-16,61.79999923706055,0.6751574
6485,2026-01-16,116.0,0.6737253
3529,2026-01-16,1675.0,0.672174
5312,2026-01-16,100.0,0.67177063
6747,2025-11-26,199.0,0.6703146
8341,2026-01-16,81.9000015258789,0.66979855
8027,2026-01-16,103.0,0.6696632
9929,2026-01-16,10.550000190734863,0.66915464
5258,2026-01-16,62.900001525878906,0.6679714
8424,2026-01-15,73.5,0.66627645
4707,2026-01-16,10.149999618530273,0.66604185
3325,2026-01-16,16.299999237060547,0.66472965
3002,2026-01-16,23.75,0.66449535
1528,2026-01-16,28.350000381469727,0.6644632
5263,2026-01-16,124.0,0.6640277
4442,2026-01-16,59.70000076293945,0.66400146
6441,2026-01-16,22.25,0.6628192
4121,2026-01-16,15.199999809265137,0.66172254
8110,2026-01-16,80.0,0.661335
8923,2025-11-25,19.5,0.66054267
6684,2026-01-16,49.29999923706055,0.65997976
2915,2026-01-16,53.0,0.6598265
3095,2026-01-16,30.0,0.65945286
3130,2026-01-16,224.0,0.65936166
8342,2026-01-16,85.19999694824219,0.6593089
1203,2026-01-16,39.599998474121094,0.6588754
8213,2026-01-16,34.54999923706055,0.6587748
8443,2026-01-16,11.300000190734863,0.6587377
5906,2026-01-15,51.400001525878906,0.6582828
8011,2026-01-16,22.399999618530273,0.65821236
8374,2026-01-16,88.5,0.6579674
3713,2026-01-16,22.5,0.65790975
4148,2026-01-16,38.70000076293945,0.6561763
4743,2026-01-16,70.5,0.6561685
6239,2026-01-16,263.0,0.65608823
2371,2026-01-16,38.849998474121094,0.655182
5536,2026-01-16,788.0,0.6548946
4401,2026-01-16,16.25,0.65477633
6770,2026-01-16,56.400001525878906,0.65453887
6451,2026-01-16,148.0,0.6544972
6767,2026-01-16,27.600000381469727,0.6536721
6591,2026-01-16,72.30000305175781,0.6525288
1570,2026-01-16,30.149999618530273,0.652446
2429,2026-01-16,75.5999984741211,0.6522338
6690,2026-01-16,169.5,0.65200126
4529,2026-01-16,3.4000000953674316,0.65111274
1225,2026-01-16,28.549999237060547,0.650222
3016,2026-01-16,57.29999923706055,0.65013087
6667,2026-01-16,269.0,0.65009284
4413,2026-01-16,18.25,0.64977074
3141,2026-01-16,49.75,0.64809954
2465,2026-01-16,58.099998474121094,0.6476967
6210,2026-01-16,21.149999618530273,0.64710516
9802,2026-01-16,100.5,0.646872
2498,2026-01-16,46.150001525878906,0.646162
5244,2026-01-16,39.29999923706055,0.64603955
6212,2026-01-15,39.79999923706055,0.64505196
4562,2026-01-16,40.04999923706055,0.6445957
6113,2026-01-16,24.0,0.64413065
6409,2026-01-16,1000.0,0.6441016
1733,2026-01-16,29.549999237060547,0.6435508
3605,2026-01-16,62.29999923706055,0.64351416
4977,2026-01-16,118.5,0.64298964
6841,2026-01-16,68.0,0.64271045
5907,2026-01-16,5.599999904632568,0.642347
6118,2026-01-16,19.399999618530273,0.6422484
4205,2026-01-16,80.5999984741211,0.6419928
3168,2026-01-16,41.5,0.6414739
8032,2026-01-16,38.0,0.6412085
6425,2026-01-16,84.0999984741211,0.6401939
2109,2026-01-16,14.949999809265137,0.63994277
2443,2024-03-28,4.550000190734863,0.6396421
4533,2026-01-16,30.350000381469727,0.6395617
2107,2026-01-16,25.0,0.6392809
4116,2026-01-16,44.900001525878906,0.6387773
5202,2026-01-16,16.200000762939453,0.6384111
7402,2026-01-16,133.0,0.63795054
8499,2026-01-16,314.0,0.6376889
3596,2026-01-16,173.0,0.63750035
3702,2026-01-16,64.5,0.63726777
8908,2026-01-16,43.150001525878906,0.6372429
6698,2026-01-16,33.79999923706055,0.6368819
3679,2026-01-16,114.0,0.6366761
2838,2026-01-16,18.850000381469727,0.63661975
5878,2026-01-16,41.79999923706055,0.63637966
9924,2026-01-16,50.0,0.6363415
3163,2026-01-16,360.0,0.6357626
9912,2026-01-16,12.0,0.63412875
5521,2026-01-16,26.100000381469727,0.63403326
5355,2026-01-16,7.050000190734863,0.63384366
4545,2026-01-16,37.5,0.63354546
6664,2026-01-16,295.0,0.6334212
3703,2026-01-16,23.600000381469727,0.6333157
6488,2026-01-16,479.0,0.6327095
2461,2026-01-16,16.899999618530273,0.632552
4720,2026-01-16,17.75,0.63243264
6756,2026-01-16,83.4000015258789,0.6323245
8085,2026-01-16,17.350000381469727,0.6321483
6265,2026-01-16,47.900001525878906,0.6320092
8929,2026-01-16,16.700000762939453,0.6317874
6527,2026-01-15,78.0,0.63172483
4439,2026-01-16,103.0,0.6316878
8210,2026-01-16,928.0,0.6316288
6123,2026-01-16,45.900001525878906,0.63162756
4183,2026-01-16,16.5,0.63154775
6894,2026-01-16,230.0,0.6311421
1516,2026-01-16,21.950000762939453,0.6310498
2432,2026-01-16,25.049999237060547,0.63094026
4303,2026-01-16,60.20000076293945,0.630591
3059,2026-01-16,40.150001525878906,0.63047695
3481,2026-01-16,26.600000381469727,0.6303565
8114,2026-01-16,198.5,0.6303439
1417,2026-01-16,8.789999961853027,0.63018584
6953,2026-01-16,270.0,0.62986165
2427,2026-01-16,26.649999618530273,0.62975335
2485,2026-01-16,35.45000076293945,0.6297138
4426,2026-01-16,9.15999984741211,0.62936354
1104,2026-01-16,30.25,0.62908435
3617,2026-01-16,190.0,0.6290337
6752,2026-01-16,123.0,0.6290332
5340,2026-01-16,84.19999694824219,0.6287679
6115,2026-01-16,47.25,0.6283844
5016,2026-01-16,25.25,0.62822163
2748,2026-01-16,41.79999923706055,0.6282159
8105,2026-01-16,14.149999618530273,0.62811446
2247,2026-01-16,279.0,0.62714595
2812,2026-01-16,20.799999237060547,0.6270022
2412,2026-01-16,133.0,0.62696403
3017,2026-01-16,1360.0,0.6265003
5388,2026-01-16,78.5999984741211,0.62649584
6244,2026-01-16,22.899999618530273,0.6264675
1713,2026-01-16,51.5,0.62638706
3047,2026-01-16,19.399999618530273,0.6263628
1712,2026-01-16,45.5,0.6261791
3631,2026-01-16,24.549999237060547,0.6259638
4706,2026-01-15,29.850000381469727,0.6258464
4729,2026-01-16,23.5,0.62581086
6708,2026-01-16,42.5,0.62574524
8935,2026-01-16,18.299999237060547,0.6257185
8054,2026-01-16,116.0,0.62570053
1438,2026-01-16,32.849998474121094,0.62555194
3131,2026-01-16,1790.0,0.62536263
3041,2026-01-16,26.25,0.62533575
6695,2026-01-16,43.70000076293945,0.62525773
5356,2026-01-16,24.850000381469727,0.62525344
5212,2026-01-16,53.900001525878906,0.6249877
2442,2026-01-16,23.75,0.62490445
5483,2026-01-16,115.0,0.62465185
2464,2026-01-16,66.9000015258789,0.6245419
6246,2026-01-16,13.449999809265137,0.62436545
4931,2026-01-16,153.5,0.62422866
6207,2026-01-16,50.70000076293945,0.6242283
4949,2026-01-16,39.599998474121094,0.62419134
3234,2026-01-16,44.25,0.62401855
4906,2026-01-16,27.200000762939453,0.6239083
6114,2026-01-16,30.799999237060547,0.62382865
4138,2026-01-16,60.0,0.623745
4973,2026-01-16,53.0,0.62365264
3551,2026-01-16,205.0,0.6233406
8436,2026-01-16,135.0,0.6232469
6906,2026-01-16,77.5999984741211,0.6231452
6233,2026-01-16,23.899999618530273,0.6229081
6245,2026-01-16,68.69999694824219,0.6228978
9910,2026-01-16,104.0,0.6227703
8429,2026-01-16,7.599999904632568,0.62205833
6727,2026-01-16,173.5,0.62198406
6693,2026-01-16,88.5,0.62179714
6477,2026-01-16,35.04999923706055,0.62136656
6462,2026-01-16,116.5,0.6213306
1452,2026-01-16,11.800000190734863,0.62131244
2722,2026-01-16,25.549999237060547,0.62102246
1905,2026-01-16,12.199999809265137,0.62077945
2115,2026-01-16,24.5,0.62026817
9941,2026-01-16,80.0999984741211,0.6198719
6291,2026-01-16,175.5,0.61970216
3663,2026-01-16,66.69999694824219,0.61960435
9925,2026-01-16,40.79999923706055,0.6195627
1722,2026-01-16,47.0,0.61944526
8044,2026-01-16,29.75,0.61937535
5490,2026-01-16,27.049999237060547,0.61898255
4438,2026-01-16,72.69999694824219,0.6185181
8926,2026-01-16,42.5,0.6182477
1591,2026-01-16,50.5,0.61820656
4506,2026-01-16,116.0,0.6179363
1777,2026-01-16,72.9000015258789,0.6176156
4912,2026-01-16,91.0,0.61734724
3218,2026-01-16,148.0,0.61733043
4747,2026-01-16,59.0,0.6173173
5465,2026-01-16,30.200000762939453,0.6168762
6197,2026-01-16,148.0,0.61670977
1597,2026-01-16,81.5,0.61639935
2820,2026-01-16,16.350000381469727,0.6162615
2035,2026-01-16,27.700000762939453,0.61617154
6662,2026-01-16,30.0,0.6161622
5309,2026-01-16,63.79999923706055,0.61614424
3625,2026-01-16,20.049999237060547,0.61596936
6937,2026-01-16,229.0,0.61570907
3296,2026-01-16,24.399999618530273,0.61559033
3285,2026-01-16,28.100000381469727,0.615587
3167,2026-01-16,225.5,0.6154882
3303,2026-01-16,46.79999923706055,0.61544997
2836,2026-01-16,12.100000381469727,0.61529064
8150,2026-01-16,67.69999694824219,0.6150226
4968,2026-01-16,121.5,0.61482036
3438,2026-01-16,54.0,0.61471826
2413,2026-01-16,48.150001525878906,0.61467135
2905,2026-01-16,15.800000190734863,0.6140891
3264,2026-01-16,141.5,0.61362666
4974,2026-01-16,70.0,0.61314136
6509,2026-01-16,33.95000076293945,0.6128623
2451,2026-01-16,254.0,0.612713
2706,2026-01-16,12.899999618530273,0.6121658
8354,2026-01-16,15.600000381469727,0.6121424
5284,2026-01-16,268.0,0.6120251
5478,2026-01-16,100.5,0.6119503
8050,2026-01-16,43.79999923706055,0.61166996
2002,2026-01-16,19.25,0.6116126
3527,2026-01-16,57.20000076293945,0.61158127
1447,2026-01-16,5.239999771118164,0.61153686
3373,2026-01-16,17.350000381469727,0.61143476
8284,2026-01-16,63.0,0.61080086
4716,2026-01-16,16.200000762939453,0.6107809
1256,2026-01-16,165.0,0.6105815
3669,2026-01-16,40.400001525878906,0.61041653
1788,2026-01-16,136.5,0.6102621
3379,2026-01-16,51.5,0.6102478
2207,2026-01-16,548.0,0.6101135
1240,2026-01-16,59.79999923706055,0.6098768
8383,2026-01-16,42.0,0.6097487
3005,2026-01-16,117.0,0.609625
4417,2026-01-16,52.099998474121094,0.60919917
2102,2026-01-16,20.200000762939453,0.60904825
3522,2026-01-16,17.399999618530273,0.60899395
3090,2026-01-16,100.5,0.6088826
1582,2026-01-16,65.0,0.6088006
6412,2026-01-16,81.9000015258789,0.60836786
4768,2026-01-16,419.0,0.60833603
1799,2026-01-16,34.70000076293945,0.60831344
6469,2026-01-16,90.4000015258789,0.6081976
6156,2026-01-16,22.350000381469727,0.6081378
2301,2026-01-16,166.0,0.6081234
2436,2026-01-16,48.349998474121094,0.60801464
3033,2026-01-16,30.549999237060547,0.6078503
8039,2026-01-16,86.19999694824219,0.60774875
2373,2026-01-16,55.599998474121094,0.60771066
5457,2026-01-16,39.04999923706055,0.6077026
9931,2026-01-16,34.150001525878906,0.6076381
3516,2026-01-16,19.700000762939453,0.6076291
2641,2026-01-16,20.700000762939453,0.60759234
2903,2026-01-16,22.0,0.60744256
1419,2026-01-16,72.4000015258789,0.6072542
3437,2026-01-16,15.350000381469727,0.6070672
5203,2026-01-16,87.9000015258789,0.60706234
4714,2026-01-16,17.149999618530273,0.6068619
8171,2026-01-16,30.850000381469727,0.6068061
6689,2026-01-16,60.599998474121094,0.6067342
4530,2026-01-16,27.75,0.6064678
8070,2026-01-16,46.150001525878906,0.60629123
6550,2026-01-16,32.70000076293945,0.60627943
6285,2026-01-16,108.0,0.6062275
3052,2026-01-16,11.75,0.6061698
3704,2026-01-16,32.400001525878906,0.60612863
2488,2026-01-16,45.25,0.60603684
6277,2026-01-16,60.79999923706055,0.60589236
2801,2026-01-16,20.350000381469727,0.6057809
3062,2026-01-16,25.399999618530273,0.60569024
6432,2026-01-16,35.849998474121094,0.6055994
8936,2026-01-16,54.29999923706055,0.60559595
2547,2026-01-16,10.850000381469727,0.6055415
3490,2026-01-16,25.799999237060547,0.6055346
5493,2026-01-16,92.80000305175781,0.6054629
6584,2026-01-16,306.0,0.6054276
2408,2026-01-16,250.0,0.60539305
5905,2026-01-16,8.989999771118164,0.60534716
2471,2026-01-16,52.20000076293945,0.6051736
1231,2026-01-16,94.9000015258789,0.6050232
3707,2026-01-16,56.599998474121094,0.60488003
5292,2026-01-16,196.5,0.6048401
2230,2026-01-16,90.80000305175781,0.60470325
6215,2026-01-16,119.0,0.6044239
2342,2026-01-16,33.849998474121094,0.6041934
4554,2026-01-16,27.549999237060547,0.6041222
5426,2026-01-16,20.700000762939453,0.6040526
3508,2026-01-16,23.850000381469727,0.60399926
2539,2026-01-16,47.900001525878906,0.60390836
6829,2026-01-16,113.0,0.60374886
6754,2026-01-16,47.650001525878906,0.60367495
5548,2026-01-16,23.600000381469727,0.60366225
3228,2026-01-16,120.0,0.6034589
6548,2026-01-16,47.900001525878906,0.60325325
2417,2026-01-16,39.45000076293945,0.6032374
5871,2026-01-16,104.0,0.60317177
6185,2026-01-16,14.899999618530273,0.6030423
2755,2026-01-16,118.5,0.6029986
3276,2026-01-16,15.199999809265137,0.60291106
6111,2026-01-16,47.75,0.60271347
2376,2026-01-16,246.5,0.6024195
2538,2026-01-16,10.899999618530273,0.60235727
3611,2026-01-16,198.5,0.6021789
3388,2026-01-16,62.5,0.60214376
6235,2026-01-16,62.5,0.601993
6526,2026-01-16,432.5,0.60197693
2352,2026-01-16,25.100000381469727,0.6018885
2911,2026-01-16,5.150000095367432,0.6017922
1535,2026-01-16,53.5,0.6017639
3013,2026-01-16,122.0,0.6017535
6194,2026-01-16,34.54999923706055,0.6017237
4129,2026-01-16,111.0,0.6014915
1410,2026-01-16,33.900001525878906,0.6013813
4746,2026-01-16,60.599998474121094,0.6013312
9934,2026-01-16,10.0,0.60104704
1316,2026-01-16,14.25,0.6008688
6230,2026-01-16,119.5,0.60080546
1796,2026-01-16,46.04999923706055,0.6007995
3537,2026-01-16,52.70000076293945,0.60076016
8299,2026-01-16,1890.0,0.6005977
3006,2026-01-16,154.5,0.60043836
1615,2026-01-16,48.75,0.60033965
6016,2026-01-16,15.949999809265137,0.60020787
2357,2026-01-16,510.0,0.60000867
3035,2026-01-16,166.5,0.5998154
2468,2026-01-16,40.5,0.59980124
8086,2026-01-16,112.0,0.59968907
3441,2026-01-16,37.349998474121094,0.59962755
1470,2025-12-19,23.0,0.59920555
2634,2026-01-16,55.400001525878906,0.5991912
8367,2026-01-16,43.29999923706055,0.5991609
3211,2026-01-16,285.0,0.5988596
8071,2026-01-16,18.049999237060547,0.598826
1229,2026-01-16,46.75,0.5987181
3055,2026-01-16,71.5999984741211,0.5985606
5201,2026-01-16,43.79999923706055,0.5985325
2524,2026-01-16,41.95000076293945,0.5984206
6541,2026-01-16,52.5,0.5983708
3176,2026-01-16,32.79999923706055,0.59818393
3450,2026-01-16,250.5,0.59805965
4722,2026-01-16,165.0,0.59790796
2762,2026-01-16,76.0,0.59790176
4163,2026-01-16,94.0999984741211,0.5978257
6142,2026-01-16,9.899999618530273,0.5977925
6140,2026-01-16,25.75,0.5976113
4908,2026-01-16,72.30000305175781,0.5976089
6916,2026-01-16,19.149999618530273,0.5975399
8111,2026-01-16,66.19999694824219,0.59752965
6456,2026-01-16,43.25,0.5974487
3226,2026-01-16,51.20000076293945,0.5974056
4979,2026-01-16,273.5,0.59707886
2009,2026-01-16,49.29999923706055,0.59673345
6148,2026-01-16,38.25,0.59670776
9907,2026-01-16,18.75,0.59668887
3694,2026-01-16,60.5,0.5965831
1565,2026-01-16,118.0,0.5965172
6164,2026-01-16,12.449999809265137,0.5964244
6449,2026-01-16,180.0,0.59636873
2103,2026-01-16,15.149999618530273,0.5962845
3004,2026-01-16,115.0,0.59626055
6846,2026-01-16,74.19999694824219,0.5962504
1514,2026-01-16,114.0,0.59623
1903,2026-01-16,55.29999923706055,0.596204
4770,2026-01-16,219.0,0.595853
6533,2026-01-16,239.0,0.5953698
8482,2026-01-15,50.20000076293945,0.5951221
1785,2026-01-16,62.900001525878906,0.594926
8462,2026-01-16,153.5,0.5949131
3548,2026-01-16,88.5999984741211,0.5949071
8438,2026-01-16,59.0,0.5948892
5364,2026-01-16,14.550000190734863,0.59472793
3374,2026-01-16,175.0,0.59463733
6666,2026-01-16,44.79999923706055,0.594625
4128,2026-01-16,20.700000762939453,0.59440213
2365,2026-01-16,36.20000076293945,0.5943341
5864,2026-01-16,18.649999618530273,0.5941523
2397,2026-01-16,60.79999923706055,0.5940264
1809,2026-01-16,22.75,0.5939515
1537,2026-01-16,124.0,0.5936095
3447,2026-01-16,46.45000076293945,0.5935892
3032,2026-01-16,72.80000305175781,0.5933672
1445,2026-01-16,12.300000190734863,0.5931612
4909,2026-01-16,61.0,0.59314597
3308,2026-01-16,23.950000762939453,0.593091
9930,2026-01-16,71.30000305175781,0.5929704
2425,2026-01-16,30.950000762939453,0.59296274
1444,2026-01-16,6.150000095367432,0.592919
3416,2026-01-16,149.5,0.592821
6426,2026-01-16,88.0999984741211,0.592741
6733,2026-01-16,37.79999923706055,0.59272397
6234,2026-01-16,29.149999618530273,0.59271127
6169,2026-01-16,19.200000762939453,0.59254277
3673,2026-01-16,43.29999923706055,0.5925281
3443,2026-01-16,2510.0,0.5925095
4167,2026-01-16,20.25,0.5923683
8421,2026-01-16,13.0,0.59235865
4934,2026-01-16,14.550000190734863,0.59234405
6144,2026-01-16,18.549999237060547,0.592312
6582,2026-01-16,32.150001525878906,0.59221935
8034,2026-01-16,26.5,0.59212685
6191,2026-01-16,117.5,0.5920531
6461,2026-01-16,22.049999237060547,0.59194386
8081,2026-01-16,218.0,0.591893
2929,2026-01-16,7.769999980926514,0.5918118
1608,2026-01-16,38.599998474121094,0.5917605
1308,2026-01-16,13.800000190734863,0.59162563
6180,2026-01-16,53.0,0.5914533
6581,2026-01-16,106.5,0.5914409
8049,2026-01-16,27.200000762939453,0.5914053
3607,2026-01-16,14.850000381469727,0.5913451
8227,2026-01-16,139.5,0.5913176
3021,2026-01-16,18.649999618530273,0.5909597
1806,2026-01-16,9.119999885559082,0.5908212
3073,2026-01-16,35.20000076293945,0.5908119
3078,2026-01-16,64.4000015258789,0.59079856
2431,2026-01-16,12.699999809265137,0.59070253
3520,2026-01-16,16.100000381469727,0.5906989
6873,2026-01-16,113.0,0.59059316
9105,2026-01-16,6.369999885559082,0.5905391
3029,2026-01-16,112.0,0.5905228
6170,2026-01-16,49.849998474121094,0.59050775
3714,2026-01-16,34.54999923706055,0.59039307
2736,2026-01-16,14.600000381469727,0.5903904
3313,2026-01-16,14.449999809265137,0.5903284
5452,2026-01-15,31.700000762939453,0.5902894
9921,2026-01-16,95.0,0.5900595
6861,2026-01-16,67.30000305175781,0.5899151
6443,2026-01-16,38.04999923706055,0.5898835
3665,2026-01-16,1400.0,0.5897516
3526,2026-01-16,248.5,0.5895297
8476,2026-01-16,22.299999237060547,0.58928984
5607,2026-01-16,49.04999923706055,0.5890942
6282,2026-01-16,54.70000076293945,0.5890495
6492,2026-01-16,44.0,0.58904064
8089,2026-01-16,29.25,0.5888407
6823,2026-01-16,77.9000015258789,0.5888349
4939,2026-01-16,39.20000076293945,0.58883005
6743,2026-01-16,27.149999618530273,0.5885252
4766,2026-01-16,321.5,0.58842885
6753,2026-01-16,136.5,0.58838886
6218,2026-01-16,24.600000381469727,0.5881675
6854,2026-01-16,123.0,0.5881222
1264,2026-01-16,281.0,0.58798563
3217,2026-01-16,166.5,0.5879428
2613,2026-01-16,24.5,0.58784354
9943,2026-01-16,60.599998474121094,0.5877852
3297,2026-01-16,40.0,0.5877669
6605,2026-01-16,159.5,0.5877099
2379,2026-01-16,509.0,0.58770704
6763,2026-01-16,56.29999923706055,0.5872654
3706,2026-01-16,83.30000305175781,0.58723676
6719,2026-01-16,181.0,0.58720666
5512,2026-01-16,7.989999771118164,0.5871852
6214,2026-01-16,117.5,0.5871066
2458,2026-01-16,115.5,0.58693516
1227,2026-01-16,29.5,0.5867299
1762,2026-01-16,25.0,0.5866845
6517,2026-01-16,79.0999984741211,0.5862443
3266,2026-01-16,14.0,0.58622456
2520,2026-01-16,32.45000076293945,0.5861275
4114,2026-01-16,32.79999923706055,0.5856745
3705,2026-01-16,57.5,0.58562934
9949,2026-01-16,26.299999237060547,0.5856205
2719,2026-01-16,30.049999237060547,0.5855912
0061,2026-01-16,23.729999542236328,0.5855433
1474,2026-01-16,10.350000381469727,0.5854763
3615,2026-01-16,26.0,0.5854168
3402,2026-01-16,144.5,0.58527744
1595,2026-01-16,40.099998474121094,0.58527124
6804,2026-01-16,17.399999618530273,0.5852108
6112,2026-01-16,47.20000076293945,0.58519477
6523,2026-01-16,117.5,0.585105
1781,2026-01-16,12.149999618530273,0.58509105
3023,2026-01-16,195.0,0.58494717
2324,2026-01-16,30.850000381469727,0.5848668
6189,2026-01-16,45.04999923706055,0.58464795
3036,2026-01-16,149.0,0.58456403
1614,2026-01-16,34.0,0.58455163
2489,2026-01-16,16.399999618530273,0.5845352
2643,2026-01-16,72.4000015258789,0.58447546
2367,2026-01-16,36.650001525878906,0.58442324
5704,2026-01-16,26.350000381469727,0.5843916
6596,2026-01-16,141.0,0.5843292
6175,2026-01-16,54.70000076293945,0.5842323
6674,2026-01-16,20.75,0.5841001
6914,2026-01-16,147.0,0.58401424
1616,2026-01-16,28.75,0.58377916
8277,2026-01-16,8.800000190734863,0.5836549
4950,2026-01-16,19.75,0.583648
4543,2026-01-16,33.0,0.58364236
4414,2026-01-16,11.050000190734863,0.5835376
5604,2026-01-16,37.54999923706055,0.58353704
8074,2026-01-16,56.599998474121094,0.5834926
6874,2026-01-16,67.5,0.58340937
3557,2026-01-16,37.29999923706055,0.58325344
1529,2026-01-16,22.299999237060547,0.583169
2739,2026-01-16,34.650001525878906,0.58298385
3498,2026-01-16,52.0,0.5829501
3323,2026-01-16,39.20000076293945,0.5829181
3209,2026-01-16,33.599998474121094,0.5828679
5484,2026-01-16,40.04999923706055,0.5828314
4711,2026-01-16,15.800000190734863,0.58259594
4526,2026-01-16,35.849998474121094,0.5823853
2420,2026-01-16,52.5,0.5823436
8028,2026-01-16,187.5,0.58221304
3050,2026-01-16,14.600000381469727,0.582035
6855,2026-01-16,115.0,0.58181846
3711,2026-01-16,303.5,0.5817663
3581,2026-01-16,72.5,0.5817287
2851,2026-01-16,26.950000762939453,0.5817113
2453,2026-01-16,55.5,0.58156514
2511,2026-01-16,8.420000076293945,0.58155733
2020,2026-01-16,23.899999618530273,0.5815427
3028,2026-01-16,40.45000076293945,0.58154166
2354,2026-01-16,59.79999923706055,0.58134085
2701,2026-01-16,11.0,0.5808741
1611,2026-01-16,13.699999809265137,0.5808689
1710,2026-01-16,12.75,0.58086586
1720,2026-01-16,61.400001525878906,0.5808495
4540,2026-01-16,38.75,0.58051693
1789,2026-01-16,26.25,0.58017945
5371,2026-01-16,90.9000015258789,0.5800715
6560,2026-01-16,41.099998474121094,0.58001167
3229,2026-01-16,24.649999618530273,0.5799675
2062,2026-01-16,22.5,0.5797521
3083,2026-01-16,36.650001525878906,0.5794975
3147,2026-01-16,156.5,0.57949305
4109,2026-01-16,14.949999809265137,0.5794329
6895,2026-01-16,178.0,0.57938415
3230,2026-01-16,34.650001525878906,0.5793526
2476,2026-01-16,90.9000015258789,0.57925457
8930,2026-01-16,32.099998474121094,0.57912546
8423,2026-01-16,18.700000762939453,0.5788815
9945,2026-01-16,29.700000762939453,0.5785335
6843,2026-01-16,52.5,0.5782289
6658,2026-01-16,57.20000076293945,0.57803476
2460,2026-01-16,22.600000381469727,0.5778599
6643,2026-01-16,403.5,0.57784986
8426,2026-01-16,28.100000381469727,0.5777356
3455,2026-01-16,124.0,0.57759947
9919,2026-01-16,16.600000381469727,0.5775377
6236,2025-10-09,26.5,0.57735896
2362,2026-01-16,38.849998474121094,0.5772864
4104,2026-01-16,79.4000015258789,0.57716256
1802,2026-01-16,41.79999923706055,0.57710665
8163,2026-01-16,31.75,0.5771054
3675,2026-01-16,155.5,0.5769856
6121,2026-01-16,356.0,0.5769853
2630,2026-01-16,54.0,0.576912
2201,2026-01-16,32.099998474121094,0.576539
3380,2026-01-16,33.5,0.5765127
3576,2026-01-16,10.600000381469727,0.57649165
6187,2026-01-16,376.0,0.5762801
2101,2026-01-16,37.04999923706055,0.57620376
8147,2026-01-16,101.5,0.5761657
3501,2026-01-16,58.0,0.5759196
5508,2026-01-16,60.70000076293945,0.57568973
1434,2026-01-16,16.299999237060547,0.5753623
2901,2026-01-16,24.5,0.5753609
2501,2026-01-16,22.950000762939453,0.57534343
4160,2026-01-16,54.900001525878906,0.5752082
2375,2026-01-16,104.5,0.57505816
5455,2026-01-16,28.200000762939453,0.574924
8096,2026-01-16,50.900001525878906,0.57492244
3532,2026-01-16,133.5,0.5747287
6201,2026-01-16,54.70000076293945,0.57462364
1784,2026-01-16,109.5,0.5744648
6922,2026-01-16,159.0,0.57415074
2483,2026-01-16,19.600000381469727,0.5741
8234,2026-01-16,73.9000015258789,0.5740725
8040,2026-01-16,49.20000076293945,0.5740599
3454,2026-01-16,99.0,0.5740348
6669,2026-01-16,3825.0,0.5739222
8155,2026-01-16,175.0,0.57388145
1904,2026-01-16,17.899999618530273,0.5738527
6237,2026-01-16,40.900001525878906,0.57382053
6558,2026-01-16,36.75,0.5737836
2399,2026-01-16,25.850000381469727,0.5735728
6203,2026-01-16,67.69999694824219,0.57344824
5353,2026-01-16,27.600000381469727,0.5734321
3019,2026-01-16,138.5,0.573404
1569,2026-01-16,50.900001525878906,0.5732383
4721,2026-01-16,69.80000305175781,0.57305115
6223,2026-01-16,2300.0,0.57303566
2402,2026-01-16,55.900001525878906,0.57302994
3492,2026-01-16,25.5,0.5730212
2015,2026-01-16,63.900001525878906,0.57300866
5007,2026-01-16,55.5,0.5727668
1605,2026-01-16,42.95000076293945,0.5727412
6712,2026-01-16,159.5,0.57271945
2359,2026-01-16,131.5,0.5725981
2409,2026-01-16,15.699999809265137,0.5723993
2353,2026-01-16,27.149999618530273,0.57238054
5525,2026-01-16,26.700000762939453,0.5723794
4568,2026-01-16,42.79999923706055,0.57237464
4916,2026-01-16,61.0,0.5723312
2332,2026-01-16,16.149999618530273,0.57200235
6228,2026-01-16,26.0,0.57175595
8182,2026-01-16,28.149999618530273,0.5716918
4924,2026-01-16,11.399999618530273,0.5716059
5222,2026-01-16,136.0,0.57158643
3376,2026-01-16,218.0,0.5715473
4174,2026-01-16,26.600000381469727,0.5714391
3164,2026-01-16,18.049999237060547,0.5713526
2006,2026-01-16,70.19999694824219,0.57111
1337,2026-01-16,4.78000020980835,0.5710972
2364,2026-01-16,65.30000305175781,0.5709153
5529,2026-01-16,28.299999237060547,0.5708658
4535,2026-01-16,29.0,0.570791
3049,2026-01-16,7.619999885559082,0.57077205
4538,2026-01-16,17.25,0.5707658
2852,2026-01-16,28.049999237060547,0.5706577
5410,2026-01-16,30.950000762939453,0.57054204
3661,2026-01-16,3340.0,0.57009935
8437,2026-01-16,16.649999618530273,0.56987923
9927,2026-01-16,70.5,0.5698563
5236,2026-01-16,118.5,0.56985414
4702,2026-01-16,10.0,0.5695893
3712,2026-01-16,26.549999237060547,0.56946594
3213,2026-01-16,102.5,0.5693822
2633,2026-01-16,27.350000381469727,0.5689707
3294,2026-01-16,40.900001525878906,0.56854373
6792,2026-01-16,56.20000076293945,0.5684185
2239,2026-01-16,30.700000762939453,0.56837505
6423,2026-01-16,83.19999694824219,0.5682101
4564,2026-01-16,17.25,0.56816596
1313,2026-01-16,10.5,0.56814826
8176,2026-01-16,11.449999809265137,0.5681311
6120,2026-01-16,13.199999809265137,0.56810457
3363,2026-01-16,395.67730712890625,0.5680887
1909,2026-01-16,10.0,0.56802124
6263,2026-01-16,128.5,0.5680151
2025,2026-01-16,14.050000190734863,0.567927
3630,2026-01-16,31.100000381469727,0.56789446
8076,2026-01-16,24.149999618530273,0.56781656
5880,2026-01-16,23.950000762939453,0.5677107
3085,2026-01-16,15.399999618530273,0.5676902
5347,2026-01-16,139.5,0.56754506
6161,2026-01-16,44.400001525878906,0.56732655
1525,2026-01-16,62.70000076293945,0.5672586
6592,2026-01-16,62.20000076293945,0.567236
5488,2026-01-16,9.90999984741211,0.5669883
5538,2026-01-16,33.04999923706055,0.56698704
3693,2026-01-16,357.5,0.5669058
2913,2026-01-16,13.300000190734863,0.5668533
2906,2026-01-16,12.600000381469727,0.5667898
4741,2026-01-16,22.600000381469727,0.56659555
4306,2026-01-16,13.949999809265137,0.5665901
6588,2026-01-16,49.95000076293945,0.56630623
2347,2026-01-16,65.30000305175781,0.56627226
2636,2026-01-16,66.19999694824219,0.5662486
6806,2026-01-16,47.0,0.5661729
1436,2026-01-16,61.79999923706055,0.5661301
3046,2026-01-16,54.099998474121094,0.5659218
4989,2026-01-16,65.4000015258789,0.56589884
8064,2026-01-16,55.599998474121094,0.565801
6209,2026-01-16,60.400001525878906,0.56578064
3499,2026-01-16,18.0,0.56550497
1304,2026-01-16,11.600000381469727,0.5654512
4953,2026-01-16,135.5,0.5652792
6205,2026-01-16,57.79999923706055,0.5650725
2601,2026-01-16,5.550000190734863,0.5649703
3312,2026-01-16,41.0,0.56491154
3067,2026-01-16,18.149999618530273,0.5648847
6117,2026-01-16,79.9000015258789,0.5648654
6278,2026-01-16,96.69999694824219,0.56451535
4961,2026-01-16,149.0,0.56426436
3577,2026-01-16,64.4000015258789,0.56420547
6179,2026-01-16,30.0,0.56406724
3191,2026-01-16,17.450000762939453,0.5639454
1718,2026-01-16,7.130000114440918,0.5637646
2369,2026-01-16,28.149999618530273,0.5634279
4432,2026-01-16,17.0,0.56335473
5210,2026-01-16,22.0,0.5630483
6569,2026-01-16,110.5,0.56291306
6196,2026-01-16,298.0,0.56275684
4107,2026-01-16,121.5,0.56273514
3048,2026-01-16,40.900001525878906,0.5627077
4555,2026-01-16,39.95000076293945,0.56267524
2426,2026-01-16,17.649999618530273,0.56263095
1475,2026-01-16,33.5,0.56260437
2377,2026-01-16,99.0,0.56253195
6516,2026-01-16,65.9000015258789,0.562444
9917,2026-01-16,108.0,0.56232476
2208,2026-01-16,21.5,0.5623229
6125,2026-01-16,70.0,0.56229424
2404,2026-01-16,1100.0,0.5622168
3034,2026-01-16,378.0,0.56220895
8249,2026-01-16,53.0,0.56218576
4755,2026-01-16,118.5,0.5621303
2889,2026-01-16,16.899999618530273,0.5620953
2355,2026-01-16,34.79999923706055,0.5619861
3293,2026-01-16,749.0,0.56196314
6491,2026-01-16,283.0,0.5619178
4111,2026-01-16,29.950000762939453,0.5619122
3010,2026-01-16,116.0,0.56191164
2542,2026-01-16,38.70000076293945,0.56185496
2493,2026-01-16,123.0,0.5616968
2867,2026-01-16,7.78000020980835,0.56167734
9955,2026-01-16,34.45000076293945,0.5615545
6153,2026-01-16,15.800000190734863,0.5615502
6651,2026-01-16,82.0999984741211,0.56133753
6609,2026-01-16,42.0,0.5613318
5381,2026-01-16,28.700000762939453,0.561165
8487,2026-01-16,80.5,0.561163
1786,2026-01-16,79.30000305175781,0.5610229
9926,2026-01-16,49.25,0.56093365
6776,2026-01-16,58.400001525878906,0.5609087
1752,2026-01-16,36.45000076293945,0.56086797
3570,2026-01-16,169.5,0.5607455
3092,2026-01-16,26.649999618530273,0.5606811
2017,2026-01-16,9.020000457763672,0.5603356
2926,2026-01-16,39.0,0.56029785
6790,2026-01-16,38.29999923706055,0.56023836
9935,2026-01-16,20.299999237060547,0.5602264
4557,2026-01-16,77.5999984741211,0.5601517
4930,2026-01-16,22.549999237060547,0.5596837
5245,2026-01-16,29.25,0.559355
2108,2026-01-16,24.350000381469727,0.55929863
1532,2026-01-16,25.149999618530273,0.55913603
2067,2026-01-16,10.699999809265137,0.55912095
9939,2026-01-16,117.5,0.55906284
3530,2026-01-16,75.5999984741211,0.5589636
8404,2026-01-16,24.450000762939453,0.55894446
6150,2026-01-16,65.4000015258789,0.5587355
1735,2026-01-16,17.950000762939453,0.5586243
4147,2026-01-16,61.70000076293945,0.55853933
6133,2026-01-16,22.399999618530273,0.5585014
5608,2026-01-16,17.799999237060547,0.55827504
2258,2026-01-16,39.599998474121094,0.5580939
3219,2026-01-16,68.5999984741211,0.55800575
2642,2026-01-16,25.899999618530273,0.55798376
5439,2026-01-16,304.0,0.55790937
1907,2026-01-16,25.549999237060547,0.55790675
2430,2026-01-16,22.799999237060547,0.55714273
8279,2026-01-16,126.5,0.5571082
1517,2026-01-16,12.25,0.5570852
3056,2026-01-16,17.700000762939453,0.5570737
8401,2026-01-16,29.549999237060547,0.5569156
1702,2026-01-16,37.900001525878906,0.55681384
6642,2026-01-16,54.5,0.55679363
8450,2026-01-16,17.0,0.5567464
3259,2026-01-16,19.899999618530273,0.5567417
5314,2026-01-16,94.4000015258789,0.5567257
2495,2026-01-16,30.700000762939453,0.55655533
4972,2026-01-16,18.0,0.55636954
3356,2026-01-16,49.25,0.556369
1218,2026-01-16,18.350000381469727,0.5562917
8937,2026-01-16,147.0,0.5560936
5269,2026-01-16,1300.0,0.55593073
6015,2026-01-16,13.399999618530273,0.55568415
9914,2026-01-16,92.0999984741211,0.55551714
6165,2026-01-16,45.45000076293945,0.5554912
5291,2026-01-16,38.599998474121094,0.55523235
3390,2026-01-16,24.5,0.55516523
4744,2026-01-16,29.200000762939453,0.5549037
8097,2026-01-16,57.0,0.55478674
4580,2026-01-16,81.69999694824219,0.55473775
2227,2026-01-16,55.0,0.5547094
2754,2026-01-16,81.30000305175781,0.55470896
5328,2026-01-16,28.399999618530273,0.5542019
1435,2026-01-15,21.799999237060547,0.55416006
3583,2026-01-16,331.0,0.5541526
3081,2026-01-16,669.0,0.55406326
9928,2026-01-16,18.399999618530273,0.55391353
4576,2026-01-16,126.0,0.5538588
4572,2026-01-16,150.5,0.5538369
2064,2026-01-15,11.75,0.5537938
3290,2026-01-16,43.599998474121094,0.5537654
6504,2026-01-16,41.599998474121094,0.55372864
4113,2026-01-16,21.399999618530273,0.5534251
4440,2026-01-16,17.600000381469727,0.5533593
3339,2026-01-16,27.299999237060547,0.5532016
3550,2026-01-16,15.550000190734863,0.5529422
3252,2026-01-16,18.25,0.5528921
5310,2026-01-16,26.399999618530273,0.5528279
6171,2026-01-16,28.100000381469727,0.55241644
5228,2026-01-16,28.049999237060547,0.55235195
1210,2026-01-16,52.20000076293945,0.5521181
1604,2026-01-16,24.049999237060547,0.5520793
6859,2026-01-16,109.5,0.55200136
4542,2026-01-16,99.0,0.5517657
3362,2026-01-16,110.0,0.55161124
3031,2026-01-16,19.899999618530273,0.5515152
1589,2026-01-16,17.75,0.5514734
2312,2026-01-16,33.70000076293945,0.55146897
1817,2026-01-16,38.54999923706055,0.55143225
5443,2026-01-16,97.30000305175781,0.55131483
4527,2026-01-16,40.75,0.5512687
6435,2026-01-16,118.5,0.5511031
6431,2026-01-16,28.950000762939453,0.5510275
3629,2026-01-05,22.299999237060547,0.55095744
1471,2026-01-16,9.800000190734863,0.5509522
9911,2026-01-16,84.4000015258789,0.55085945
4571,2026-01-16,174.5,0.5507082
8109,2026-01-16,108.5,0.5506678
4162,2026-01-16,71.0999984741211,0.5506054
2401,2026-01-16,21.75,0.55043936
1102,2026-01-16,36.79999923706055,0.5503848
1307,2026-01-16,31.950000762939453,0.5502027
2444,2026-01-16,12.649999618530273,0.5499791
1530,2026-01-16,30.100000381469727,0.549818
2439,2026-01-16,106.5,0.5497828
6821,2026-01-16,36.599998474121094,0.54971814
1603,2026-01-16,39.599998474121094,0.54969424
3563,2026-01-16,487.5,0.54960257
4994,2026-01-16,103.5,0.5492843
1446,2026-01-16,18.100000381469727,0.5492426
2834,2026-01-16,15.899999618530273,0.54915786
3535,2026-01-16,96.9000015258789,0.54894835
5223,2026-01-16,28.899999618530273,0.54892915
3664,2026-01-16,16.0,0.5489127
4943,2026-01-16,12.0,0.54886305
6174,2026-01-16,23.149999618530273,0.54865366
5205,2026-01-05,31.950000762939453,0.54856086
8444,2026-01-16,10.149999618530273,0.5485403
9904,2026-01-16,31.649999618530273,0.54853255
6496,2026-01-16,30.049999237060547,0.54853165
6788,2026-01-16,350.0,0.54848
3701,2026-01-16,56.599998474121094,0.54842067
8415,2026-01-16,33.70000076293945,0.54841775
3188,2026-01-16,29.299999237060547,0.5482691
2356,2026-01-16,44.349998474121094,0.5480818
2114,2026-01-16,90.19999694824219,0.54786634
4933,2026-01-16,58.400001525878906,0.54751295
1309,2026-01-16,11.899999618530273,0.5474774
8033,2026-01-16,150.5,0.5472619
8463,2026-01-16,27.0,0.5472328
8455,2026-01-16,20.75,0.5472283
4739,2026-01-16,74.0,0.5471166
5434,2026-01-16,336.5,0.5470902
3691,2026-01-16,114.5,0.54707015
4919,2026-01-16,56.70000076293945,0.5468402
6782,2026-01-16,179.5,0.5467793
4960,2026-01-16,14.0,0.54667306
3680,2026-01-16,426.5,0.5466446
4433,2026-01-16,23.399999618530273,0.54655206
6224,2026-01-16,43.95000076293945,0.5461813
6231,2026-01-16,209.5,0.5460088
3027,2026-01-16,27.399999618530273,0.5456839
2424,2026-01-16,37.25,0.54564047
6470,2026-01-16,43.150001525878906,0.5455511
6216,2026-01-16,28.350000381469727,0.5455175
6442,2026-01-16,1255.0,0.5453991
6186,2026-01-16,49.20000076293945,0.545304
2231,2026-01-16,98.5999984741211,0.54521316
1776,2026-01-16,15.399999618530273,0.54514915
2617,2026-01-16,30.950000762939453,0.5451209
2477,2026-01-16,25.25,0.54487884
1725,2026-01-16,29.149999618530273,0.5448726
2348,2026-01-16,79.4000015258789,0.5444433
2881,2026-01-16,95.0,0.5441799
1805,2026-01-16,12.050000190734863,0.544114
5302,2026-01-16,11.199999809265137,0.54410225
6208,2026-01-16,44.900001525878906,0.54393774
9908,2026-01-16,29.950000762939453,0.543904
2596,2026-01-16,35.400001525878906,0.543901
8021,2026-01-16,221.5,0.5438575
6108,2026-01-16,15.050000190734863,0.543773
1437,2026-01-16,32.95000076293945,0.54373085
2614,2026-01-16,22.200000762939453,0.5436804
6791,2026-01-16,109.5,0.5435499
3622,2026-01-16,66.0,0.543257
2029,2026-01-16,21.200000762939453,0.54303277
1568,2026-01-16,25.75,0.5430059
1519,2026-01-16,965.0,0.5429953
6640,2026-01-16,726.0,0.5429882
6411,2026-01-16,81.80000305175781,0.5429797
6168,2026-01-16,20.350000381469727,0.54297924
6151,2026-01-16,31.149999618530273,0.5429199
2406,2026-01-16,30.600000381469727,0.5427833
4541,2026-01-16,47.54999923706055,0.5427498
2743,2026-01-16,81.5,0.5422605
8080,2026-01-16,43.0,0.5420152
3515,2026-01-16,234.0,0.5417528
2849,2026-01-16,13.399999618530273,0.54174757
1449,2026-01-16,12.149999618530273,0.54154736
3057,2026-01-16,18.850000381469727,0.5413414
4951,2026-01-16,65.30000305175781,0.5412576
6577,2026-01-16,72.0,0.5410408
1455,2026-01-16,7.920000076293945,0.5409884
3372,2026-01-16,22.549999237060547,0.5408732
6875,2026-01-16,51.400001525878906,0.5408533
1626,2026-01-16,11.100000381469727,0.54072183
3686,2026-01-16,19.200000762939453,0.54063934
6732,2026-01-16,174.5,0.5405231
6284,2026-01-16,92.0,0.54051965
2904,2026-01-16,17.0,0.5405097
1464,2026-01-16,11.850000381469727,0.5403724
6486,2026-01-16,83.9000015258789,0.5402395
1536,2026-01-16,64.69999694824219,0.54009
3043,2026-01-16,21.799999237060547,0.53997046
4807,2026-01-16,17.899999618530273,0.5398888
3594,2026-01-16,37.400001525878906,0.53983146
6270,2026-01-16,25.450000762939453,0.53979665
3546,2026-01-16,76.5999984741211,0.5397911
6561,2026-01-16,348.5,0.5393059
8043,2026-01-16,95.0999984741211,0.53928035
5474,2026-01-16,167.0,0.53906804
3591,2026-01-16,21.200000762939453,0.53902966
2316,2026-01-16,101.5,0.53887135
3444,2026-01-16,76.19999694824219,0.5387686
4956,2026-01-16,21.049999237060547,0.5387678
6465,2026-01-16,36.400001525878906,0.53869927
5425,2026-01-16,65.69999694824219,0.5386078
3624,2026-01-16,65.19999694824219,0.5385808
2937,2026-01-16,43.79999923706055,0.5385076
3149,2026-01-16,44.400001525878906,0.5383897
2504,2026-01-16,37.650001525878906,0.5382862
8932,2026-01-16,184.0,0.5382726
6863,2026-01-16,119.5,0.5382481
5013,2026-01-16,30.75,0.53821707
8390,2026-01-16,97.19999694824219,0.538128
3623,2026-01-16,30.399999618530273,0.5380413
2360,2026-01-16,989.0,0.53803885
6683,2026-01-16,410.0,0.537769
5011,2026-01-16,13.550000190734863,0.5375933
6657,2026-01-16,43.0,0.537491
6206,2026-01-16,95.5,0.5374701
8291,2025-07-30,25.259258270263672,0.5374075
4771,2026-01-16,178.0,0.5373147
8099,2026-01-16,72.80000305175781,0.53724116
3540,2026-01-16,31.75,0.5371204
1108,2026-01-16,15.100000381469727,0.5369345
9946,2026-01-16,17.950000762939453,0.5369224
5519,2026-01-16,31.899999618530273,0.53689224
5274,2026-01-16,8700.0,0.53688556
3555,2026-01-16,84.19999694824219,0.5368627
9944,2026-01-16,16.700000762939453,0.5366763
2104,2026-01-16,12.0,0.536675
5601,2026-01-09,36.70000076293945,0.5366323
3609,2026-01-16,41.04999923706055,0.5365034
1439,2026-01-16,30.200000762939453,0.5363716
6220,2026-01-16,25.850000381469727,0.53634787
1453,2026-01-16,12.25,0.5362049
6139,2026-01-16,584.0,0.53607947
3354,2026-01-16,31.049999237060547,0.53607625
4804,2026-01-16,6.800000190734863,0.53590924
3169,2026-01-16,95.30000305175781,0.5357772
2491,2026-01-16,20.850000381469727,0.5357445
5498,2026-01-16,70.0,0.5356442
4130,2026-01-16,30.950000762939453,0.5355633
2331,2026-01-16,27.25,0.5352489
8104,2026-01-16,39.95000076293945,0.5349406
2027,2026-01-16,36.5,0.5349207
2615,2026-01-16,77.19999694824219,0.53428537
9960,2026-01-16,23.200000762939453,0.5339906
2467,2026-01-16,250.0,0.5337804
3580,2026-01-16,71.0999984741211,0.5337329
3521,2026-01-16,14.5,0.5336061
6227,2026-01-16,91.9000015258789,0.5335993
3024,2026-01-16,11.199999809265137,0.5333522
2419,2026-01-16,31.350000381469727,0.5330044
2897,2026-01-16,9.119999885559082,0.5328367
2438,2026-01-16,21.899999618530273,0.53273195
1714,2026-01-16,9.079999923706055,0.5321929
6547,2026-01-16,38.25,0.53207237
2756,2026-01-16,81.30000305175781,0.53203976
2069,2026-01-16,19.399999618530273,0.5320311
6751,2026-01-16,59.599998474121094,0.53191364
2380,2026-01-16,5.110000133514404,0.5318895
3058,2026-01-16,10.199999809265137,0.53187364
6183,2026-01-16,96.19999694824219,0.5317083
5469,2026-01-16,101.0,0.5316511
4976,2026-01-16,31.200000762939453,0.53145045
1217,2026-01-16,10.600000381469727,0.53101754
6122,2026-01-16,54.20000076293945,0.5309537
1760,2026-01-16,65.5999984741211,0.5306794
5876,2026-01-16,39.599998474121094,0.53066
3289,2026-01-16,122.0,0.53035015
9103,2026-01-16,4.710000038146973,0.53026974
3003,2026-01-16,48.75,0.5302386
3360,2026-01-16,15.600000381469727,0.53007996
9902,2026-01-16,17.200000762939453,0.5299011
8107,2026-01-16,15.550000190734863,0.5297346
2536,2026-01-16,24.0,0.52965987
4157,2026-01-16,14.399999618530273,0.5294284
1442,2026-01-16,29.850000381469727,0.52935183
6418,2026-01-16,38.95000076293945,0.52934045
2912,2026-01-16,220.0,0.52927953
1560,2026-01-16,423.5,0.5291071
2012,2026-01-16,17.350000381469727,0.5288879
2480,2026-01-16,141.5,0.52868634
8240,2026-01-16,43.25,0.52848935
3556,2026-01-16,37.75,0.52834535
2637,2026-01-16,70.9000015258789,0.5282894
4938,2026-01-16,71.30000305175781,0.52825874
2405,2026-01-16,17.25,0.52824175
2204,2026-01-16,58.599998474121094,0.52823544
2884,2026-01-16,32.650001525878906,0.5281862
2608,2026-01-16,33.20000076293945,0.52797747
3037,2026-01-16,274.0,0.52796793
4763,2026-01-16,51.29999923706055,0.52785605
1459,2026-01-16,11.800000190734863,0.52756786
6292,2026-01-16,42.0,0.52722955
4510,2026-01-16,49.150001525878906,0.52701235
1612,2026-01-16,35.5,0.52687967
3317,2026-01-16,46.79999923706055,0.5268529
2916,2026-01-16,46.75,0.5267595
6546,2026-01-16,64.5,0.5266702
4304,2026-01-16,32.0,0.52664155
6499,2026-01-16,95.4000015258789,0.5265243
6661,2026-01-16,19.200000762939453,0.5264897
6573,2026-01-16,15.050000190734863,0.52643096
2392,2026-01-16,39.650001525878906,0.5262977
6869,2026-01-16,104.5,0.5260943
4915,2026-01-16,79.80000305175781,0.52575195
2612,2026-01-16,59.70000076293945,0.52571815
3044,2026-01-16,317.0,0.52557546
0057,2026-01-16,210.0,0.52537155
6741,2026-01-16,72.30000305175781,0.52531546
9940,2026-01-16,22.649999618530273,0.5251196
6901,2026-01-16,17.850000381469727,0.5250246
2340,2026-01-16,27.850000381469727,0.52500296
1451,2026-01-16,17.600000381469727,0.52495223
4903,2026-01-16,41.400001525878906,0.52471167
4999,2026-01-16,24.049999237060547,0.52447945
4155,2026-01-16,14.800000190734863,0.5241147
2395,2026-01-16,287.5,0.52397966
2478,2026-01-16,70.4000015258789,0.52390105
8931,2026-01-16,45.25,0.5238581
1402,2026-01-16,28.399999618530273,0.523592
6691,2026-01-16,593.0,0.5234872
4142,2026-01-16,20.5,0.52328545
2345,2026-01-16,1230.0,0.52323747
3689,2026-01-16,122.0,0.52316964
4577,2026-01-16,58.70000076293945,0.52307814
4126,2026-01-16,84.4000015258789,0.52296424
6405,2026-01-16,31.399999618530273,0.5229288
3205,2026-01-16,50.70000076293945,0.52291846
5014,2026-01-16,11.649999618530273,0.52289057
5522,2026-01-16,68.19999694824219,0.52289003
2466,2026-01-16,65.0999984741211,0.5228681
6505,2026-01-16,48.29999923706055,0.5227188
5489,2026-01-16,41.20000076293945,0.522635
4907,2026-01-16,43.79999923706055,0.5223998
2023,2026-01-16,14.800000190734863,0.5219606
2059,2026-01-16,3410.0,0.521908
6933,2026-01-16,148.0,0.52185017
3152,2026-01-16,164.0,0.5217301
1416,2026-01-16,11.75,0.5217021
2065,2026-01-16,32.849998474121094,0.5217005
1338,2026-01-16,21.049999237060547,0.5216373
2545,2026-01-16,37.95000076293945,0.5214725
8042,2026-01-16,69.5999984741211,0.52145606
1533,2026-01-16,32.349998474121094,0.5212955
6531,2026-01-16,481.5,0.52127355
3066,2026-01-16,15.800000190734863,0.5212731
0050,2026-01-16,72.0,0.52119243
6532,2026-01-16,57.70000076293945,0.5211118
4583,2026-01-16,736.0,0.52103066
3504,2026-01-16,55.5,0.5206341
4137,2026-01-16,106.0,0.5205172
2505,2026-01-16,20.0,0.5204785
3430,2026-01-16,79.0,0.52028257
2308,2026-01-16,1125.0,0.5200582
6222,2026-01-16,19.049999237060547,0.51996845
1325,2026-01-16,29.75,0.51968163
2030,2026-01-16,16.450000762939453,0.51962376
3483,2026-01-16,89.5,0.5195125
6568,2026-01-16,130.5,0.5194773
6283,2026-01-16,24.0,0.5194343
1340,2026-01-16,6.739999771118164,0.5191352
6799,2026-01-16,86.5999984741211,0.51908064
3426,2026-01-15,40.400001525878906,0.5190006
1473,2026-01-16,24.100000381469727,0.51890117
1314,2026-01-16,8.130000114440918,0.51887524
1324,2026-01-16,11.149999618530273,0.5187659
4942,2026-01-16,38.95000076293945,0.5186859
8183,2026-01-16,34.599998474121094,0.51868445
6655,2026-01-15,120.0,0.5186106
6761,2026-01-16,131.0,0.51806813
6229,2026-01-16,25.100000381469727,0.51794094
4119,2026-01-16,53.5,0.51748186
2753,2026-01-16,185.5,0.5171357
3051,2026-01-16,22.5,0.5170823
8940,2026-01-16,20.600000381469727,0.51705635
6104,2026-01-16,100.5,0.5170459
2338,2026-01-16,39.95000076293945,0.5168803
6160,2026-01-16,18.0,0.5168519
2462,2026-01-16,24.899999618530273,0.51671594
1101,2026-01-16,25.0,0.5165545
5386,2026-01-16,83.19999694824219,0.516498
8473,2026-01-16,41.849998474121094,0.5164851
1219,2026-01-16,13.550000190734863,0.5163362
2540,2026-01-16,49.5,0.5163026
5283,2026-01-16,60.79999923706055,0.51624244
6141,2026-01-16,11.649999618530273,0.5161999
3088,2026-01-16,85.5,0.516077
1418,2026-01-16,19.899999618530273,0.5158013
6226,2026-01-16,9.149999618530273,0.51555765
6785,2026-01-16,266.0,0.51554006
4556,2026-01-16,31.899999618530273,0.51516527
5546,2026-01-16,22.850000381469727,0.5151615
5234,2026-01-16,355.5,0.5150673
3232,2026-01-16,23.450000762939453,0.51505375
4971,2026-01-16,308.0,0.5148161
8162,2026-01-16,36.400001525878906,0.5147775
1323,2026-01-16,18.850000381469727,0.5144366
6672,2026-01-16,98.69999694824219,0.51417446
5348,2026-01-16,16.850000381469727,0.5141324
6928,2026-01-16,56.0,0.5139056
8067,2026-01-16,14.649999618530273,0.5138686
2323,2026-01-16,11.0,0.51351523
2449,2026-01-16,273.5,0.5135038
3541,2026-01-16,25.299999237060547,0.5134421
6515,2026-01-16,3535.0,0.51341134
4935,2026-01-16,41.0,0.5134013
2832,2026-01-16,50.0,0.51328695
2459,2026-01-16,67.80000305175781,0.5130549
1472,2026-01-16,89.9000015258789,0.5130419
3227,2026-01-16,209.0,0.5130305
2313,2026-01-16,142.0,0.5127493
5511,2026-01-16,69.5,0.51262873
2393,2026-01-16,56.099998474121094,0.51252294
2028,2026-01-16,19.200000762939453,0.5125186
2351,2026-01-16,77.4000015258789,0.5124959
3008,2026-01-16,2430.0,0.51205504
4190,2026-01-16,29.75,0.5120465
5438,2026-01-16,22.700000762939453,0.51199794
6446,2026-01-16,587.0,0.5119504
6155,2026-01-16,55.599998474121094,0.51147735
6109,2026-01-16,12.050000190734863,0.51136893
1727,2026-01-16,46.95000076293945,0.5112856
0055,2026-01-16,32.27000045776367,0.5110995
6542,2026-01-16,48.599998474121094,0.51094335
1527,2026-01-16,35.54999923706055,0.5107827
1723,2026-01-16,71.5,0.51076615
5534,2026-01-16,80.80000305175781,0.5105935
6195,2026-01-16,25.450000762939453,0.510506
5904,2026-01-16,427.5,0.51009065
2049,2026-01-16,219.5,0.51004857
3189,2026-01-16,192.5,0.5099845
8432,2026-01-16,55.70000076293945,0.5098422
1731,2026-01-16,21.950000762939453,0.509838
6415,2026-01-16,217.0,0.509818
8101,2026-01-16,16.200000762939453,0.5094839
3484,2026-01-16,50.400001525878906,0.509443
3684,2026-01-16,60.5,0.50941664
3491,2026-01-16,920.0,0.509128
5543,2026-01-16,30.850000381469727,0.5090561
1810,2026-01-16,19.5,0.50869715
5351,2026-01-16,64.9000015258789,0.50850284
6535,2026-01-16,185.5,0.50825244
6579,2026-01-16,113.0,0.5080768
8446,2026-01-16,95.0,0.50798166
1563,2026-01-16,48.79999923706055,0.50787765
4958,2026-01-16,174.0,0.5077741
4123,2026-01-16,42.20000076293945,0.5077579
4120,2026-01-16,44.79999923706055,0.50746083
3026,2026-01-16,106.0,0.50700784
6721,2026-01-16,62.0,0.5069388
3653,2026-01-16,2410.0,0.50676644
8091,2026-01-16,135.5,0.5066565
3206,2026-01-16,31.899999618530273,0.5066276
6248,2026-01-16,21.450000762939453,0.5065225
3564,2026-01-16,47.70000076293945,0.5064458
2609,2026-01-16,54.5,0.5064323
6127,2026-01-16,40.0,0.5063506
8403,2026-01-16,23.899999618530273,0.5062637
1234,2026-01-16,37.45000076293945,0.5060855
1540,2026-01-16,28.0,0.50607646
6240,2026-01-16,18.799999237060547,0.50588757
1583,2026-01-16,48.70000076293945,0.50584406
3489,2026-01-16,21.850000381469727,0.50575614
2454,2026-01-16,1505.0,0.50572884
8046,2026-01-16,289.5,0.5056476
2607,2026-01-16,57.79999923706055,0.50547534
2328,2026-01-16,51.0,0.5054641
5603,2026-01-16,18.450000762939453,0.50539386
2423,2026-01-16,54.70000076293945,0.5053493
4198,2026-01-16,31.700000762939453,0.50534475
3413,2026-01-16,290.0,0.5052773
8472,2026-01-16,67.80000305175781,0.5050708
6603,2026-01-16,30.950000762939453,0.504954
2548,2026-01-16,108.5,0.5045271
2509,2026-01-16,15.149999618530273,0.5044372
5306,2026-01-16,93.69999694824219,0.5043875
6811,2026-01-16,211.5,0.50434613
6204,2026-01-16,88.0,0.50416285
4551,2026-01-16,123.0,0.5040838
8416,2026-01-16,184.0,0.5039094
2330,2026-01-16,1740.0,0.5033977
6671,2026-01-16,36.75,0.5029242
6742,2026-01-16,47.099998474121094,0.5029217
3346,2026-01-16,21.549999237060547,0.5028161
1783,2026-01-16,46.599998474121094,0.5026196
6259,2026-01-16,17.799999237060547,0.5025458
0052,2026-01-16,42.06999969482422,0.5025453
6530,2026-01-16,59.099998474121094,0.502298
2106,2026-01-16,19.850000381469727,0.5020391
3349,2026-01-16,30.549999237060547,0.5020372
3543,2026-01-16,43.95000076293945,0.50196445
6625,2026-01-16,89.19999694824219,0.5017515
4966,2026-01-16,575.0,0.5016366
1503,2026-01-16,197.0,0.5014848
4764,2026-01-16,129.0,0.5014757
1463,2026-01-16,17.549999237060547,0.50114584
6668,2026-01-16,39.04999923706055,0.50111806
6184,2026-01-16,48.900001525878906,0.5009511
5530,2026-01-16,54.29999923706055,0.500925
2515,2026-01-16,13.449999809265137,0.5007896
2034,2026-01-16,21.0,0.50064784
3284,2026-01-16,20.700000762939453,0.49993515
3011,2026-01-16,14.550000190734863,0.4996519
2010,2026-01-16,21.350000381469727,0.49961168
3138,2026-01-16,153.0,0.49944854
5272,2026-01-16,21.700000762939453,0.4992735
2603,2026-01-16,190.0,0.49916294
6243,2026-01-16,36.150001525878906,0.49890947
1232,2026-01-16,146.5,0.498846
1440,2026-01-16,13.600000381469727,0.49872753
4927,2026-01-16,38.54999923706055,0.4986338
4560,2026-01-16,33.04999923706055,0.49847105
8087,2026-01-16,31.100000381469727,0.49837524
6005,2026-01-16,28.0,0.49827895
3231,2026-01-16,145.0,0.49820894
2008,2026-01-16,29.049999237060547,0.4981887
1432,2026-01-16,18.25,0.4980442
2506,2026-01-16,9.100000381469727,0.49803826
9950,2026-01-16,10.5,0.49799216
4106,2026-01-16,23.0,0.49770766
6269,2026-01-16,59.0,0.49705228
2474,2026-01-16,211.0,0.49693277
4171,2026-01-16,19.700000762939453,0.4968419
3224,2026-01-16,46.400001525878906,0.4968249
3306,2026-01-16,50.0,0.49663663
3687,2026-01-16,82.5999984741211,0.49646923
1711,2026-01-16,23.049999237060547,0.49642563
8069,2026-01-16,174.5,0.49629328
2344,2026-01-16,106.5,0.49627608
1466,2026-01-16,14.300000190734863,0.49603313
5288,2026-01-16,160.0,0.49573982
2740,2026-01-15,28.899999618530273,0.49555117
8059,2026-01-16,22.450000762939453,0.49552464
3305,2026-01-16,125.0,0.49507838
2885,2026-01-16,41.79999923706055,0.4950002
2305,2026-01-16,14.850000381469727,0.49498507
6136,2026-01-16,24.399999618530273,0.49453235
6679,2026-01-16,175.0,0.494056
2241,2026-01-16,37.20000076293945,0.49374563
3014,2026-01-16,115.5,0.49374157
6173,2026-01-16,74.30000305175781,0.49349213
4987,2026-01-16,81.5,0.49349096
1477,2026-01-16,326.0,0.49347064
2061,2026-01-16,18.799999237060547,0.49341026
1454,2026-01-16,12.899999618530273,0.49340224
6494,2026-01-16,36.150001525878906,0.49335572
1409,2026-01-16,15.5,0.49316305
6949,2026-01-16,360.0,0.49301425
3528,2026-01-16,69.9000015258789,0.49296084
1586,2026-01-16,29.350000381469727,0.4929352
4726,2026-01-16,36.0,0.49257642
6190,2026-01-16,49.04999923706055,0.49256226
3545,2026-01-16,52.900001525878906,0.49255878
3171,2026-01-16,48.0,0.49253964
6266,2026-01-16,29.700000762939453,0.4922029
4503,2026-01-16,41.150001525878906,0.4915028
8996,2026-01-16,680.0,0.4913109
3030,2026-01-16,173.5,0.49129543
8411,2026-01-16,12.050000190734863,0.49111584
6167,2026-01-16,12.800000190734863,0.49096844
6613,2026-01-16,206.5,0.49081537
2492,2026-01-16,133.5,0.4906239
8464,2026-01-16,418.0,0.4903858
2886,2026-01-16,40.900001525878906,0.49023023
8431,2026-01-16,66.0999984741211,0.49019706
6271,2026-01-16,129.0,0.49009642
4105,2026-01-16,84.0,0.49001175
6124,2026-01-16,27.0,0.4898749
8024,2026-01-16,12.600000381469727,0.4897342
8422,2026-01-15,46.75,0.48966902
3122,2026-01-16,24.0,0.48960018
6116,2026-01-16,9.829999923706055,0.48933995
5225,2026-01-16,107.5,0.48933002
6692,2026-01-16,32.650001525878906,0.4893258
2472,2026-01-16,120.5,0.48915863
6138,2026-01-16,216.5,0.48895708
2496,2026-01-16,69.4000015258789,0.4884212
2537,2026-01-16,10.850000381469727,0.48833996
1504,2026-01-16,88.9000015258789,0.48833326
8433,2026-01-16,59.099998474121094,0.48797083
3588,2026-01-16,52.29999923706055,0.48792472
5230,2026-01-16,18.149999618530273,0.48791844
6241,2026-01-16,13.5,0.4877362
2845,2026-01-16,12.75,0.4876864
6464,2026-01-16,76.80000305175781,0.48759308
1730,2026-01-16,52.70000076293945,0.48739326
1524,2026-01-16,32.95000076293945,0.48739013
2414,2026-01-16,41.20000076293945,0.4870422
6576,2026-01-16,80.9000015258789,0.48701605
8255,2026-01-16,124.5,0.48676884
3288,2026-01-16,16.950000762939453,0.4866989
4561,2026-01-16,36.20000076293945,0.48655996
3434,2026-01-16,31.299999237060547,0.4863748
6290,2026-01-16,169.0,0.4863664
2605,2026-01-16,27.850000381469727,0.48634708
0051,2026-01-16,100.69999694824219,0.48585516
4173,2026-01-16,21.950000762939453,0.48561794
5301,2026-01-16,11.449999809265137,0.48545438
6870,2026-01-16,204.5,0.4854368
2457,2026-01-16,32.25,0.48510638
6225,2026-01-16,17.799999237060547,0.4849073
3025,2026-01-16,72.0999984741211,0.48455235
3060,2026-01-16,35.29999923706055,0.48453483
1319,2026-01-16,112.0,0.48417044
8121,2026-01-16,30.149999618530273,0.48415774
2516,2026-01-16,14.75,0.48412383
2013,2026-01-16,42.650001525878906,0.4835572
6419,2026-01-16,77.69999694824219,0.48345736
8442,2026-01-16,71.0,0.48272303
8440,2026-01-16,29.700000762939453,0.4826296
6026,2026-01-16,14.550000190734863,0.48244184
2031,2026-01-16,38.900001525878906,0.48240533
1609,2026-01-16,40.54999923706055,0.48212177
6616,2026-01-16,10.149999618530273,0.48197705
5227,2026-01-16,28.049999237060547,0.4818518
4946,2026-01-16,107.0,0.4814715
1305,2026-01-16,11.899999618530273,0.48139974
2729,2026-01-16,175.5,0.48137763
3709,2026-01-16,63.900001525878906,0.48110068
6147,2026-01-16,57.29999923706055,0.48105103
9905,2026-01-16,20.100000381469727,0.48094544
8068,2026-01-16,28.200000762939453,0.4809315
6703,2026-01-16,109.0,0.4808017
3592,2026-01-16,224.5,0.48026362
2705,2026-01-16,16.600000381469727,0.4802265
6219,2026-01-16,17.399999618530273,0.48014525
3038,2026-01-16,24.0,0.48003277
2038,2026-01-16,15.300000190734863,0.4798135
0056,2026-01-16,38.2599983215332,0.47961837
4430,2026-01-16,17.799999237060547,0.4794787
3645,2026-01-16,60.70000076293945,0.4791542
6177,2026-01-16,49.849998474121094,0.47896472
4905,2026-01-16,61.0,0.47861934
1216,2026-01-16,75.4000015258789,0.4785265
4102,2026-01-16,20.25,0.47840244
4161,2026-01-16,26.799999237060547,0.47829464
6796,2026-01-16,90.5,0.4782531
3587,2026-01-16,195.0,0.47795853
0053,2026-01-16,156.0,0.47775653
2014,2026-01-16,16.600000381469727,0.4776837
3357,2026-01-16,169.0,0.4776522
1906,2026-01-16,12.100000381469727,0.4776498
4513,2026-01-16,20.649999618530273,0.47750118
6803,2026-01-16,307.0,0.4772777
1215,2026-01-16,155.5,0.4771917
4536,2026-01-16,171.5,0.4768022
6768,2026-01-16,108.0,0.47653633
8454,2026-01-16,200.5,0.47653577
8942,2026-01-16,37.25,0.47650546
3558,2026-01-16,133.0,0.47626913
6021,2026-01-16,29.049999237060547,0.47588286
3236,2026-01-16,37.04999923706055,0.4758714
8938,2026-01-16,73.30000305175781,0.47584468
1336,2026-01-16,16.149999618530273,0.47583982
8261,2026-01-16,90.9000015258789,0.47557768
2385,2026-01-16,119.0,0.4755521
5324,2026-01-16,10.800000190734863,0.4754956
4133,2026-01-16,23.950000762939453,0.47537085
2887,2026-01-16,21.850000381469727,0.47503096
1795,2026-01-16,337.5,0.47489113
2390,2026-01-16,10.75,0.47472343
6202,2026-01-16,38.54999923706055,0.47458807
6020,2026-01-16,19.399999618530273,0.47457165
2250,2026-01-16,77.30000305175781,0.47428176
6585,2026-01-16,96.0,0.47412536
6716,2026-01-16,47.099998474121094,0.4738862
9933,2026-01-16,33.900001525878906,0.4737994
4192,2026-01-16,24.5,0.47358173
2514,2026-01-16,15.199999809265137,0.4735773
8222,2026-01-16,43.20000076293945,0.47352472
5220,2026-01-16,17.5,0.47351745
2484,2026-01-16,26.450000762939453,0.47343653
4904,2026-01-16,91.0999984741211,0.47339615
5251,2026-01-16,34.75,0.4731557
4523,2026-01-16,31.450000762939453,0.4731445
2387,2026-01-16,39.54999923706055,0.4730761
2302,2026-01-16,19.100000381469727,0.47294354
1515,2026-01-16,28.100000381469727,0.47287762
2883,2026-01-16,17.75,0.4728616
1326,2026-01-16,34.5,0.47275388
2221,2026-01-16,30.850000381469727,0.47262096
1584,2026-01-16,24.0,0.47248924
6257,2026-01-16,137.5,0.47247285
8093,2025-12-30,21.66666603088379,0.47200686
3511,2026-01-16,22.25,0.47193003
5209,2026-01-16,179.5,0.4719219
1513,2026-01-16,160.0,0.4714713
1476,2026-01-16,420.0,0.47145137
1315,2026-01-16,65.0,0.47140768
6593,2026-01-16,37.900001525878906,0.47134054
2855,2026-01-16,28.049999237060547,0.47122744
1736,2026-01-16,160.5,0.47072893
5287,2026-01-16,168.5,0.47064537
6129,2026-01-16,15.100000381469727,0.47035134
2105,2026-01-16,31.0,0.47028357
1709,2026-01-16,17.25,0.4700995
4911,2026-01-16,41.349998474121094,0.46966296
1457,2026-01-16,15.600000381469727,0.46940705
3518,2026-01-16,21.649999618530273,0.46930152
8906,2026-01-16,39.0,0.46915764
3045,2026-01-16,108.0,0.46894458
6525,2026-01-16,76.69999694824219,0.46880296
1734,2026-01-16,31.0,0.4687743
1321,2026-01-16,34.20000076293945,0.46871
5471,2026-01-16,33.79999923706055,0.46813768
2745,2026-01-16,108.5,0.46812588
3287,2026-01-16,29.450000762939453,0.46805838
6805,2026-01-16,1320.0,0.46777087
1339,2026-01-16,46.5,0.46771678
2032,2026-01-16,16.799999237060547,0.46750632
2382,2026-01-16,289.5,0.46701753
3105,2026-01-16,218.5,0.4665397
5475,2026-01-16,101.5,0.46601963
2543,2026-01-16,62.900001525878906,0.4658182
4139,2026-01-15,25.299999237060547,0.46581382
4736,2026-01-16,127.0,0.46575573
4153,2026-01-16,34.70000076293945,0.46571574
6166,2026-01-16,65.69999694824219,0.4652342
4528,2026-01-16,17.950000762939453,0.4651085
8072,2026-01-16,32.20000076293945,0.4648543
1201,2026-01-16,14.449999809265137,0.46479577
1708,2026-01-16,33.45000076293945,0.46462792
3710,2026-01-16,5.650000095367432,0.4646272
6482,2026-01-16,39.54999923706055,0.46422386
6276,2026-01-16,38.349998474121094,0.46419278
2611,2026-01-16,15.0,0.4638158
3324,2026-01-16,969.0,0.4636618
1310,2026-01-16,8.819999694824219,0.46362838
8016,2026-01-16,189.0,0.46352366
6781,2026-01-16,1190.0,0.46339777
8467,2026-01-16,186.5,0.463292
3533,2026-01-16,1370.0,0.4632907
3406,2026-01-16,451.0,0.4631546
2428,2026-01-16,178.0,0.4627545
3054,2026-01-16,30.149999618530273,0.46209142
5285,2026-01-16,51.70000076293945,0.46198016
6294,2026-01-16,44.75,0.46193793
2233,2026-01-16,238.0,0.4615738
1526,2026-01-16,18.700000762939453,0.46148628
5703,2026-01-16,14.649999618530273,0.46141076
4549,2026-01-16,107.0,0.46135223
5206,2026-01-16,30.899999618530273,0.4613398
4552,2026-01-16,24.149999618530273,0.46117383
1815,2026-01-16,98.80000305175781,0.46113703
6163,2026-01-16,71.80000305175781,0.46097505
4967,2026-01-16,203.5,0.46086842
2534,2026-01-16,20.299999237060547,0.46086392
4991,2026-01-16,201.5,0.4606157
2440,2026-01-16,15.800000190734863,0.46055466
2535,2026-01-16,69.4000015258789,0.46021912
4108,2026-01-16,13.949999809265137,0.4601392
3567,2026-01-16,29.25,0.46007237
6904,2026-01-16,123.0,0.4600437
2022,2026-01-16,8.930000305175781,0.45917788
1618,2026-01-16,43.70000076293945,0.459016
2597,2026-01-16,180.0,0.45900708
3311,2026-01-16,33.5,0.45879906
2314,2026-01-16,23.25,0.45874766
2816,2026-01-16,29.549999237060547,0.45860347
1808,2026-01-16,33.0,0.4584291
3221,2026-01-16,26.450000762939453,0.45802885
6506,2026-01-16,15.800000190734863,0.45802444
2882,2026-01-16,76.19999694824219,0.45780557
8358,2026-01-16,272.0,0.45755604
6024,2026-01-16,51.900001525878906,0.4572414
6612,2026-01-16,84.80000305175781,0.4570954
3685,2026-01-16,38.54999923706055,0.45703676
2337,2026-01-16,67.0,0.45643893
2363,2026-01-16,49.5,0.45640683
3512,2026-01-16,21.549999237060547,0.45633274
6213,2026-01-16,115.5,0.4563246
1259,2026-01-16,61.20000076293945,0.45623174
2910,2026-01-16,20.950000762939453,0.45615408
3178,2026-01-16,60.0,0.45603913
1468,2026-01-16,12.0,0.4559199
5315,2026-01-16,23.75,0.45579967
3071,2026-01-16,24.350000381469727,0.4557815
2546,2026-01-16,89.19999694824219,0.4557625
2616,2026-01-16,13.800000190734863,0.45563117
8131,2026-01-16,69.5,0.45553735
2455,2026-01-16,170.5,0.45550498
2923,2026-01-15,21.0,0.45543787
1617,2026-01-16,16.799999237060547,0.45539385
6877,2026-01-16,86.30000305175781,0.4548306
3022,2026-01-16,68.0999984741211,0.45460728
6807,2026-01-16,46.349998474121094,0.4543573
5215,2026-01-16,37.099998474121094,0.4543517
4175,2026-01-16,58.29999923706055,0.4541943
5706,2026-01-16,50.20000076293945,0.4540781
6865,2026-01-16,48.0,0.45407575
3260,2026-01-16,294.5,0.45389178
2640,2026-01-16,128.0,0.4538894
6512,2026-01-16,21.200000762939453,0.45347995
5392,2026-01-16,49.5,0.4533666
6680,2026-01-16,65.9000015258789,0.4533568
6789,2026-01-16,272.0,0.45313215
8215,2026-01-16,20.950000762939453,0.4526933
4550,2026-01-16,26.75,0.45240873
5276,2026-01-16,15.899999618530273,0.45213816
8924,2026-01-16,73.19999694824219,0.45199132
3708,2026-01-16,120.0,0.45194012
6472,2026-01-16,547.0,0.45185766
9962,2026-01-16,11.449999809265137,0.4514893
2880,2026-01-16,33.150001525878906,0.45139757
2731,2026-01-16,172.5,0.45132402
8435,2026-01-16,54.20000076293945,0.45110714
4569,2026-01-16,155.0,0.450886
3268,2026-01-16,17.350000381469727,0.45076662
2948,2026-01-15,38.70000076293945,0.450733
6261,2026-01-16,71.19999694824219,0.45002234
3593,2026-01-16,11.949999809265137,0.44970864
5289,2026-01-16,682.0,0.44953784
8038,2026-01-16,55.099998474121094,0.44866133
4712,2024-02-05,2.8499999046325684,0.4485925
2007,2026-01-16,8.15999984741211,0.44854397
1580,2026-01-16,133.5,0.44853684
6101,2026-01-16,37.0,0.44835207
5278,2026-01-16,30.100000381469727,0.4478692
4534,2026-01-16,17.950000762939453,0.447594
3042,2026-01-16,85.5,0.44699764
3272,2026-01-16,21.700000762939453,0.44693476
3322,2026-01-16,17.25,0.4465631
2908,2026-01-16,20.299999237060547,0.44636986
9942,2026-01-16,110.0,0.44632146
1413,2026-01-16,9.949999809265137,0.4463022
1773,2026-01-16,159.5,0.44593337
6697,2026-01-16,48.099998474121094,0.4456005
2890,2026-01-16,29.299999237060547,0.4454834
8481,2026-01-16,42.400001525878906,0.44540802
3128,2026-01-16,29.600000381469727,0.44523185
5460,2026-01-16,15.949999809265137,0.4445916
1539,2026-01-16,19.600000381469727,0.44458634
2618,2026-01-16,37.54999923706055,0.4445673
1312,2026-01-16,13.5,0.4444076
2033,2026-01-16,16.350000381469727,0.44437656
5213,2026-01-16,25.399999618530273,0.44424692
8083,2026-01-16,164.0,0.4437075
3162,2026-01-16,60.5,0.44369867
8289,2026-01-16,25.100000381469727,0.44356024
4760,2026-01-16,187.0,0.4434598
8916,2026-01-16,49.5,0.44341573
1465,2026-01-16,12.5,0.44284883
2726,2026-01-16,12.800000190734863,0.44279322
3628,2026-01-16,74.0999984741211,0.44230846
6598,2026-01-16,24.450000762939453,0.44140726
2892,2026-01-16,29.799999237060547,0.44132042
8410,2026-01-16,37.900001525878906,0.44125375
6126,2026-01-16,36.650001525878906,0.4407499
4154,2026-01-16,16.200000762939453,0.44054455
4735,2026-01-16,32.95000076293945,0.44052082
6417,2026-01-16,116.0,0.44014868
1813,2026-01-16,13.699999809265137,0.43994918
4588,2026-01-16,68.19999694824219,0.4398948
3552,2026-01-16,62.0,0.43988967
2441,2026-01-16,102.0,0.4397454
6192,2026-01-16,125.5,0.43965396
6130,2026-01-16,42.20000076293945,0.43928936
2327,2026-01-16,283.0,0.43925568
6134,2026-01-16,33.849998474121094,0.43915495
1460,2026-01-16,6.489999771118164,0.43908876
1301,2026-01-16,43.0,0.4390267
6158,2026-01-16,22.0,0.43867183
3419,2026-01-16,14.550000190734863,0.43857774
6590,2026-01-16,74.0,0.43856555
3018,2026-01-16,12.100000381469727,0.43798798
8103,2026-01-16,93.9000015258789,0.4374607
8092,2026-01-16,14.850000381469727,0.43698907
2063,2026-01-16,26.799999237060547,0.43673843
4566,2026-01-16,61.20000076293945,0.43670082
2645,2026-01-16,154.0,0.4364618
8466,2026-01-16,23.899999618530273,0.43633714
2383,2026-01-16,1625.0,0.4361725
5403,2026-01-16,114.5,0.43603247
5609,2026-01-16,80.0,0.43592227
2415,2026-01-16,27.799999237060547,0.4354746
6198,2026-01-16,26.450000762939453,0.43510345
5514,2026-01-16,15.649999618530273,0.43450606
6641,2026-01-16,24.5,0.43436906
4737,2026-01-16,55.20000076293945,0.43373293
6728,2026-01-16,144.0,0.4337117
3715,2026-01-16,134.5,0.43297607
6834,2026-01-16,36.04999923706055,0.4327894
9951,2026-01-16,56.79999923706055,0.43276453
8048,2026-01-16,53.400001525878906,0.43241754
3338,2026-01-16,50.099998474121094,0.43221346
6242,2026-01-16,39.25,0.43206376
1522,2026-01-16,51.099998474121094,0.43160748
4416,2026-01-16,30.0,0.43143347
4995,2026-01-16,42.0,0.43106005
5299,2026-01-16,72.80000305175781,0.43099043
5464,2026-01-16,26.25,0.43095955
4581,2026-01-16,53.20000076293945,0.4309117
2317,2026-01-16,234.5,0.43089098
5468,2026-01-16,19.5,0.43088096
2481,2026-01-16,91.5,0.4308269
